country,year,population,population_growth_rate,fertility_rate,median_age,urban_population,population_density,continent,income_group
China,1960,549.82,0.278,2.1,30.6,63.03,69.1,Asia,Upper middle income
China,1961,552.56,0.406,2.14,29.2,58.9,107.72,Asia,Upper middle income
China,1962,555.33,-0.023,2.25,31.9,56.03,139.65,Asia,Upper middle income
China,1963,558.1,0.318,1.52,33.4,60.22,126.91,Asia,Upper middle income
China,1964,560.89,1.012,2.04,30.8,59.65,133.75,Asia,Upper middle income
China,1965,563.69,0.38,1.81,29.5,67.06,146.25,Asia,Upper middle income
China,1966,566.51,0.393,1.88,30.4,62.97,74.17,Asia,Upper middle income
China,1967,569.34,0.541,1.27,28.4,62.69,58.17,Asia,Upper middle income
China,1968,572.18,0.543,2.1,29.2,57.65,116.78,Asia,Upper middle income
China,1969,575.04,0.407,2.14,32.0,57.41,144.25,Asia,Upper middle income
China,1970,577.9,0.616,2.07,33.3,65.26,164.26,Asia,Upper middle income
China,1971,580.79,0.332,1.69,32.3,66.23,109.25,Asia,Upper middle income
China,1972,583.69,0.464,1.64,34.2,60.91,78.21,Asia,Upper middle income
China,1973,586.6,0.485,2.04,32.7,61.96,70.46,Asia,Upper middle income
China,1974,589.52,0.798,1.82,38.8,61.44,98.37,Asia,Upper middle income
China,1975,592.46,0.517,1.61,32.4,58.54,63.34,Asia,Upper middle income
China,1976,595.41,0.392,1.23,30.8,67.03,168.25,Asia,Upper middle income
China,1977,598.38,0.337,1.51,34.4,66.09,69.37,Asia,Upper middle income
China,1978,601.36,0.773,1.69,32.1,67.42,159.5,Asia,Upper middle income
China,1979,604.36,0.421,1.18,33.4,66.48,198.24,Asia,Upper middle income
China,1980,607.37,-0.032,1.7,32.2,65.13,113.25,Asia,Upper middle income
China,1981,610.39,0.467,1.7,36.9,66.82,110.07,Asia,Upper middle income
China,1982,613.43,0.495,1.06,31.2,63.62,188.27,Asia,Upper middle income
China,1983,616.49,0.511,2.28,33.1,67.8,153.57,Asia,Upper middle income
China,1984,619.55,0.567,1.52,35.1,63.75,74.36,Asia,Upper middle income
China,1985,622.64,0.657,1.23,36.6,63.29,83.75,Asia,Upper middle income
China,1986,625.73,0.323,1.5,32.9,70.57,145.33,Asia,Upper middle income
China,1987,628.84,0.519,1.31,30.9,68.31,83.67,Asia,Upper middle income
China,1988,631.97,0.606,1.17,35.4,67.92,159.48,Asia,Upper middle income
China,1989,635.11,0.342,1.32,36.0,65.01,72.83,Asia,Upper middle income
China,1990,638.27,0.771,2.16,33.9,68.38,68.78,Asia,Upper middle income
China,1991,641.44,0.55,1.61,32.2,65.34,79.37,Asia,Upper middle income
China,1992,644.63,0.622,1.73,35.3,72.14,210.36,Asia,Upper middle income
China,1993,647.83,0.557,1.13,38.7,71.32,85.65,Asia,Upper middle income
China,1994,651.05,0.645,1.03,33.6,66.81,79.15,Asia,Upper middle income
China,1995,654.28,0.691,1.42,36.9,76.19,178.97,Asia,Upper middle income
China,1996,657.53,0.224,1.05,37.2,70.08,88.64,Asia,Upper middle income
China,1997,660.79,0.501,1.7,35.0,79.26,151.33,Asia,Upper middle income
China,1998,664.07,0.305,1.53,35.8,70.99,156.63,Asia,Upper middle income
China,1999,667.37,0.453,1.43,36.8,71.48,68.48,Asia,Upper middle income
China,2000,670.68,0.408,1.43,38.1,70.97,128.52,Asia,Upper middle income
China,2001,674.0,0.541,1.0,36.5,73.46,96.42,Asia,Upper middle income
China,2002,677.35,0.544,1.0,38.4,72.75,82.75,Asia,Upper middle income
China,2003,680.7,0.714,1.46,33.7,70.09,78.55,Asia,Upper middle income
China,2004,684.08,0.559,1.2,36.6,75.82,105.07,Asia,Upper middle income
China,2005,687.47,0.612,1.44,38.7,75.45,74.48,Asia,Upper middle income
China,2006,690.87,0.267,1.0,37.2,71.23,212.47,Asia,Upper middle income
China,2007,694.3,0.961,1.0,38.4,69.26,216.06,Asia,Upper middle income
China,2008,697.74,0.319,1.0,40.3,74.79,154.68,Asia,Upper middle income
China,2009,701.19,0.351,1.08,37.4,72.75,103.35,Asia,Upper middle income
India,1960,654.97,1.095,3.06,23.7,47.56,107.85,Asia,Lower middle income
India,1961,664.8,1.345,3.47,24.5,44.35,139.91,Asia,Lower middle income
India,1962,674.76,1.853,3.06,22.8,48.35,69.68,Asia,Lower middle income
India,1963,684.88,1.575,3.41,22.8,51.43,144.67,Asia,Lower middle income
India,1964,695.15,1.753,2.67,26.5,48.52,110.01,Asia,Lower middle income
India,1965,705.56,1.495,2.57,23.2,46.18,116.87,Asia,Lower middle income
India,1966,716.14,1.826,2.39,25.0,47.19,127.37,Asia,Lower middle income
India,1967,726.86,1.511,3.49,26.9,49.83,175.55,Asia,Lower middle income
India,1968,737.75,1.539,2.58,26.3,46.24,77.0,Asia,Lower middle income
India,1969,748.8,1.119,3.11,25.1,54.03,109.81,Asia,Lower middle income
India,1970,760.01,1.468,2.88,27.1,46.13,217.25,Asia,Lower middle income
India,1971,771.39,1.675,2.53,25.4,47.23,97.93,Asia,Lower middle income
India,1972,782.93,1.678,2.73,28.4,50.49,157.4,Asia,Lower middle income
India,1973,794.64,1.608,2.4,23.4,45.24,94.21,Asia,Lower middle income
India,1974,806.53,1.607,2.52,26.7,52.5,97.69,Asia,Lower middle income
India,1975,818.59,1.416,2.63,27.3,52.29,93.18,Asia,Lower middle income
India,1976,830.84,1.634,2.43,28.0,49.41,86.06,Asia,Lower middle income
India,1977,843.26,1.88,2.81,24.0,48.76,159.09,Asia,Lower middle income
India,1978,855.86,1.729,2.7,28.9,52.29,235.23,Asia,Lower middle income
India,1979,868.65,1.357,2.43,23.7,56.01,94.28,Asia,Lower middle income
India,1980,881.63,1.332,2.3,28.8,49.31,120.32,Asia,Lower middle income
India,1981,894.8,1.41,2.43,29.3,53.92,250.68,Asia,Lower middle income
India,1982,908.17,1.207,1.92,26.9,50.96,107.6,Asia,Lower middle income
India,1983,921.73,1.089,2.78,27.8,51.89,146.76,Asia,Lower middle income
India,1984,935.49,1.561,2.03,29.6,56.8,96.09,Asia,Lower middle income
India,1985,949.45,1.207,2.0,28.1,53.87,97.45,Asia,Lower middle income
India,1986,963.62,1.541,2.22,29.1,50.48,98.48,Asia,Lower middle income
India,1987,978.0,1.951,2.31,28.2,58.68,132.29,Asia,Lower middle income
India,1988,992.59,1.67,2.22,33.6,50.98,200.86,Asia,Lower middle income
India,1989,1007.39,1.464,1.72,31.4,48.27,284.24,Asia,Lower middle income
India,1990,1022.41,1.564,2.66,31.4,52.27,131.19,Asia,Lower middle income
India,1991,1037.66,1.644,2.51,31.1,53.9,114.5,Asia,Lower middle income
India,1992,1053.12,1.731,1.9,26.4,58.66,107.58,Asia,Lower middle income
India,1993,1068.82,1.55,2.09,25.0,52.2,217.51,Asia,Lower middle income
India,1994,1084.74,1.496,1.99,29.2,57.07,176.27,Asia,Lower middle income
India,1995,1100.9,1.221,2.11,32.4,60.12,199.9,Asia,Lower middle income
India,1996,1117.3,1.561,1.7,33.5,56.15,168.24,Asia,Lower middle income
India,1997,1133.93,1.528,2.24,32.6,56.6,194.69,Asia,Lower middle income
India,1998,1150.81,1.623,2.27,28.8,58.46,291.01,Asia,Lower middle income
India,1999,1167.94,1.148,2.26,32.6,56.29,214.78,Asia,Lower middle income
India,2000,1185.33,1.794,1.82,34.3,52.86,131.17,Asia,Lower middle income
India,2001,1202.96,1.491,2.01,30.6,52.31,122.0,Asia,Lower middle income
India,2002,1220.86,1.08,1.71,28.7,59.61,345.75,Asia,Lower middle income
India,2003,1239.01,1.273,1.86,32.9,57.03,196.12,Asia,Lower middle income
India,2004,1257.44,1.296,1.83,30.5,55.82,296.63,Asia,Lower middle income
India,2005,1276.13,1.206,1.59,31.9,51.65,162.92,Asia,Lower middle income
India,2006,1295.1,1.353,1.68,31.7,58.14,149.84,Asia,Lower middle income
India,2007,1314.34,1.346,1.76,31.0,55.42,205.63,Asia,Lower middle income
India,2008,1333.87,1.19,1.97,35.5,58.65,409.57,Asia,Lower middle income
India,2009,1353.69,1.663,1.23,32.4,62.61,201.3,Asia,Lower middle income
United States,1960,132.15,-0.695,1.0,38.4,72.29,23.43,North America,High income
United States,1961,130.83,-1.129,1.16,43.5,77.94,15.35,North America,High income
United States,1962,129.52,-1.175,1.47,45.0,78.64,15.76,North America,High income
United States,1963,128.23,-1.207,1.4,38.7,71.75,17.05,North America,High income
United States,1964,126.95,-1.382,1.72,40.7,76.58,27.24,North America,High income
United States,1965,125.68,-1.13,1.28,39.6,73.91,29.83,North America,High income
United States,1966,124.42,-1.5,1.62,41.7,76.55,13.74,North America,High income
United States,1967,123.18,-1.115,1.62,42.1,74.17,12.96,North America,High income
United States,1968,121.95,-0.591,1.87,43.1,75.11,28.3,North America,High income
United States,1969,120.73,-1.152,1.0,38.1,77.84,31.74,North America,High income
United States,1970,119.53,-1.304,1.59,39.2,78.8,18.77,North America,High income
United States,1971,118.33,-1.129,1.35,39.9,77.15,34.36,North America,High income
United States,1972,117.15,-1.119,1.55,44.0,80.91,16.34,North America,High income
United States,1973,115.99,-1.493,1.07,43.1,78.29,13.16,North America,High income
United States,1974,114.83,-0.965,1.32,43.1,83.94,12.91,North America,High income
United States,1975,113.68,-0.931,1.15,41.3,78.2,27.39,North America,High income
United States,1976,112.55,-0.89,1.57,38.0,80.88,12.31,North America,High income
United States,1977,111.43,-0.758,1.12,38.5,77.08,17.86,North America,High income
United States,1978,110.32,-0.788,1.0,39.5,80.45,11.87,North America,High income
United States,1979,109.22,-0.832,1.0,43.3,83.01,28.6,North America,High income
United States,1980,108.13,-0.965,1.37,41.3,79.8,12.63,North America,High income
United States,1981,107.05,-0.871,1.87,43.5,82.04,26.36,North America,High income
United States,1982,105.99,-1.216,1.0,46.3,82.81,11.6,North America,High income
United States,1983,104.93,-0.79,1.0,42.9,78.96,12.23,North America,High income
United States,1984,103.89,-1.083,1.0,45.5,85.12,13.87,North America,High income
United States,1985,102.86,-0.915,1.69,42.2,78.77,24.08,North America,High income
United States,1986,101.83,-0.963,1.36,42.1,75.83,10.57,North America,High income
United States,1987,100.82,-0.941,1.0,48.9,83.49,32.24,North America,High income
United States,1988,99.82,-0.641,1.26,44.6,84.73,24.54,North America,High income
United States,1989,98.82,-0.621,1.47,47.5,82.17,10.36,North America,High income
United States,1990,97.84,-1.015,1.28,49.6,85.57,16.89,North America,High income
United States,1991,96.87,-1.029,1.0,42.6,79.34,14.33,North America,High income
United States,1992,95.91,-1.043,1.21,47.3,82.14,15.56,North America,High income
United States,1993,94.95,-1.049,1.0,44.5,84.08,14.63,North America,High income
United States,1994,94.01,-0.836,1.0,47.3,79.67,12.66,North America,High income
United States,1995,93.08,-1.05,1.0,50.4,85.68,26.83,North America,High income
United States,1996,92.15,-1.153,1.16,45.2,86.27,21.26,North America,High income
United States,1997,91.24,-1.003,1.0,44.1,86.42,10.82,North America,High income
United States,1998,90.33,-0.718,1.0,41.5,82.68,13.06,North America,High income
United States,1999,89.44,-1.065,1.0,43.0,84.37,11.91,North America,High income
United States,2000,88.55,-1.068,1.0,47.0,84.68,11.63,North America,High income
United States,2001,87.67,-0.852,1.0,45.1,88.77,11.58,North America,High income
United States,2002,86.8,-1.066,1.0,47.9,84.78,9.66,North America,High income
United States,2003,85.94,-1.068,1.2,44.3,89.75,17.01,North America,High income
United States,2004,85.09,-1.33,1.37,44.1,85.75,15.04,North America,High income
United States,2005,84.25,-1.307,1.01,44.2,93.76,12.27,North America,High income
United States,2006,83.41,-1.346,1.0,48.8,88.71,9.7,North America,High income
United States,2007,82.58,-1.068,1.0,47.7,83.97,11.11,North America,High income
United States,2008,81.77,-1.12,1.0,44.6,89.7,16.67,North America,High income
United States,2009,80.96,-0.956,1.0,48.2,84.59,10.71,North America,High income
Indonesia,1960,348.92,1.551,3.29,28.3,48.04,573.34,Asia,Lower middle income
Indonesia,1961,354.16,1.468,3.21,25.9,38.19,1499.38,Asia,Lower middle income
Indonesia,1962,359.47,1.603,2.72,25.7,43.33,442.96,Asia,Lower middle income
Indonesia,1963,364.86,1.195,2.67,28.1,43.25,379.4,Asia,Lower middle income
Indonesia,1964,370.32,1.31,3.67,26.6,46.75,166.48,Asia,Lower middle income
Indonesia,1965,375.87,1.621,2.39,25.7,44.52,205.3,Asia,Lower middle income
Indonesia,1966,381.51,1.729,2.61,25.8,52.11,181.98,Asia,Lower middle income
Indonesia,1967,387.22,1.187,2.67,27.0,48.7,183.12,Asia,Lower middle income
Indonesia,1968,393.02,1.623,2.29,24.7,46.66,142.39,Asia,Lower middle income
Indonesia,1969,398.91,1.235,2.66,28.5,48.06,179.41,Asia,Lower middle income
Indonesia,1970,404.88,1.61,3.02,28.2,49.38,491.34,Asia,Lower middle income
Indonesia,1971,410.94,1.193,2.65,28.3,48.7,2070.82,Asia,Lower middle income
Indonesia,1972,417.09,1.282,2.96,26.7,50.64,160.42,Asia,Lower middle income
Indonesia,1973,423.33,1.405,2.88,24.1,50.4,941.48,Asia,Lower middle income
Indonesia,1974,429.66,1.542,2.44,29.6,46.52,1483.98,Asia,Lower middle income
Indonesia,1975,436.09,1.58,1.97,25.9,52.63,227.71,Asia,Lower middle income
Indonesia,1976,442.61,1.551,2.79,27.6,53.0,156.77,Asia,Lower middle income
Indonesia,1977,449.23,1.742,2.28,26.5,42.65,234.0,Asia,Lower middle income
Indonesia,1978,455.94,1.408,2.9,30.9,48.83,575.36,Asia,Lower middle income
Indonesia,1979,462.76,1.437,2.19,25.8,47.55,595.21,Asia,Lower middle income
Indonesia,1980,469.67,1.49,2.47,31.1,48.0,640.81,Asia,Lower middle income
Indonesia,1981,476.69,1.464,2.12,32.8,49.31,815.69,Asia,Lower middle income
Indonesia,1982,483.81,1.53,2.49,28.9,58.97,629.18,Asia,Lower middle income
Indonesia,1983,491.03,1.393,2.13,29.6,50.03,440.24,Asia,Lower middle income
Indonesia,1984,498.36,1.781,2.11,26.9,53.61,202.1,Asia,Lower middle income
Indonesia,1985,505.8,1.355,2.04,33.5,55.31,283.8,Asia,Lower middle income
Indonesia,1986,513.35,1.374,2.1,29.5,53.8,256.65,Asia,Lower middle income
Indonesia,1987,521.01,1.326,2.22,25.6,49.33,610.59,Asia,Lower middle income
Indonesia,1988,528.78,1.489,2.7,28.2,54.07,205.87,Asia,Lower middle income
Indonesia,1989,536.67,0.799,1.87,31.8,54.73,484.07,Asia,Lower middle income
Indonesia,1990,544.67,1.632,2.65,30.7,52.92,225.77,Asia,Lower middle income
Indonesia,1991,552.79,1.682,2.2,30.5,56.45,218.72,Asia,Lower middle income
Indonesia,1992,561.03,1.709,2.39,32.6,56.55,1001.92,Asia,Lower middle income
Indonesia,1993,569.39,1.421,1.76,28.6,56.38,230.33,Asia,Lower middle income
Indonesia,1994,577.87,1.501,2.36,30.5,55.34,299.07,Asia,Lower middle income
Indonesia,1995,586.48,1.645,1.54,33.2,56.14,1429.59,Asia,Lower middle income
Indonesia,1996,595.22,1.544,2.39,30.2,56.64,307.67,Asia,Lower middle income
Indonesia,1997,604.08,1.53,2.01,30.2,54.89,280.48,Asia,Lower middle income
Indonesia,1998,613.07,1.521,1.65,33.1,51.83,2635.15,Asia,Lower middle income
Indonesia,1999,622.2,1.568,1.67,30.6,50.59,266.56,Asia,Lower middle income
Indonesia,2000,631.46,1.383,2.36,28.1,50.4,1099.12,Asia,Lower middle income
Indonesia,2001,640.85,1.624,2.07,33.4,61.23,718.08,Asia,Lower middle income
Indonesia,2002,650.39,1.624,1.71,35.0,54.39,519.05,Asia,Lower middle income
Indonesia,2003,660.06,1.673,1.65,30.0,55.89,3468.72,Asia,Lower middle income
Indonesia,2004,669.87,1.243,2.11,31.4,61.55,230.37,Asia,Lower middle income
Indonesia,2005,679.83,1.547,1.58,33.2,60.67,266.61,Asia,Lower middle income
Indonesia,2006,689.94,1.622,2.02,32.3,60.93,286.29,Asia,Lower middle income
Indonesia,2007,700.19,1.287,1.58,32.8,56.83,519.47,Asia,Lower middle income
Indonesia,2008,710.59,1.485,1.13,32.5,57.36,807.42,Asia,Lower middle income
Indonesia,2009,721.15,1.366,1.83,31.8,59.62,2325.56,Asia,Lower middle income
Pakistan,1960,217.75,1.994,2.85,27.0,41.72,83.93,Asia,Lower middle income
Pakistan,1961,221.01,1.306,2.96,25.1,41.82,116.77,Asia,Lower middle income
Pakistan,1962,224.33,1.605,3.47,23.5,45.71,200.86,Asia,Lower middle income
Pakistan,1963,227.69,1.299,2.83,29.0,47.82,94.02,Asia,Lower middle income
Pakistan,1964,231.1,1.401,2.75,26.2,43.8,107.55,Asia,Lower middle income
Pakistan,1965,234.57,1.511,2.66,27.1,47.68,108.05,Asia,Lower middle income
Pakistan,1966,238.08,1.383,3.15,26.1,49.65,96.38,Asia,Lower middle income
Pakistan,1967,241.65,1.914,2.58,29.5,47.69,717.64,Asia,Lower middle income
Pakistan,1968,245.27,1.292,2.6,27.4,50.79,158.77,Asia,Lower middle income
Pakistan,1969,248.94,1.844,2.86,26.4,48.06,366.81,Asia,Lower middle income
Pakistan,1970,252.67,1.398,2.76,28.7,47.67,114.39,Asia,Lower middle income
Pakistan,1971,256.45,1.402,3.14,24.2,43.91,86.52,Asia,Lower middle income
Pakistan,1972,260.29,1.186,3.24,26.6,53.94,98.86,Asia,Lower middle income
Pakistan,1973,264.18,1.464,2.88,28.3,44.17,96.21,Asia,Lower middle income
Pakistan,1974,268.13,1.604,2.2,29.9,51.53,556.82,Asia,Lower middle income
Pakistan,1975,272.15,1.597,2.63,26.1,47.49,93.29,Asia,Lower middle income
Pakistan,1976,276.21,1.562,2.43,24.1,49.65,105.22,Asia,Lower middle income
Pakistan,1977,280.34,1.652,1.64,29.8,44.88,488.22,Asia,Lower middle income
Pakistan,1978,284.53,1.572,2.43,29.3,46.66,272.79,Asia,Lower middle income
Pakistan,1979,288.79,1.404,2.53,27.8,52.13,368.09,Asia,Lower middle income
Pakistan,1980,293.1,1.078,2.48,27.5,54.7,356.89,Asia,Lower middle income
Pakistan,1981,297.48,1.797,2.63,27.5,50.25,1441.65,Asia,Lower middle income
Pakistan,1982,301.92,1.666,2.71,30.7,51.33,123.92,Asia,Lower middle income
Pakistan,1983,306.43,1.703,2.38,27.9,51.31,347.32,Asia,Lower middle income
Pakistan,1984,311.01,1.506,2.07,28.3,49.1,110.75,Asia,Lower middle income
Pakistan,1985,315.65,1.512,1.65,30.6,53.54,222.48,Asia,Lower middle income
Pakistan,1986,320.36,1.076,3.1,27.2,54.01,1713.85,Asia,Lower middle income
Pakistan,1987,325.14,1.718,1.88,30.3,49.94,111.63,Asia,Lower middle income
Pakistan,1988,329.99,1.551,1.96,31.3,52.91,537.67,Asia,Lower middle income
Pakistan,1989,334.91,1.67,2.28,29.7,54.79,217.22,Asia,Lower middle income
Pakistan,1990,339.91,1.688,2.19,28.6,54.2,121.41,Asia,Lower middle income
Pakistan,1991,344.97,1.716,2.43,30.9,50.87,277.71,Asia,Lower middle income
Pakistan,1992,350.11,1.341,2.13,31.8,53.84,147.8,Asia,Lower middle income
Pakistan,1993,355.33,1.818,2.15,29.5,57.79,338.93,Asia,Lower middle income
Pakistan,1994,360.63,1.704,2.15,31.5,57.11,264.55,Asia,Lower middle income
Pakistan,1995,366.0,1.465,1.99,29.9,55.55,351.48,Asia,Lower middle income
Pakistan,1996,371.45,1.239,1.43,28.6,60.46,265.09,Asia,Lower middle income
Pakistan,1997,376.98,1.367,1.49,33.8,59.13,198.77,Asia,Lower middle income
Pakistan,1998,382.59,1.044,1.66,30.8,59.78,256.84,Asia,Lower middle income
Pakistan,1999,388.29,1.216,1.34,32.9,64.02,208.43,Asia,Lower middle income
Pakistan,2000,394.07,1.63,1.97,30.5,58.18,141.32,Asia,Lower middle income
Pakistan,2001,399.93,1.343,1.69,27.8,57.0,431.83,Asia,Lower middle income
Pakistan,2002,405.88,1.688,1.55,27.5,58.79,217.05,Asia,Lower middle income
Pakistan,2003,411.91,1.296,1.99,29.5,57.23,658.71,Asia,Lower middle income
Pakistan,2004,418.04,1.3,1.85,35.3,58.87,1019.75,Asia,Lower middle income
Pakistan,2005,424.25,1.175,1.78,31.7,60.16,174.06,Asia,Lower middle income
Pakistan,2006,430.56,1.377,1.64,32.8,59.22,233.41,Asia,Lower middle income
Pakistan,2007,436.96,1.503,1.6,30.6,57.11,233.44,Asia,Lower middle income
Pakistan,2008,443.45,1.723,1.47,31.6,61.65,563.52,Asia,Lower middle income
Pakistan,2009,450.04,1.349,1.8,31.8,63.44,221.05,Asia,Lower middle income
Brazil,1960,128.66,0.333,2.64,27.6,60.93,8.82,South America,Upper middle income
Brazil,1961,129.3,0.429,2.12,32.6,65.17,10.68,South America,Upper middle income
Brazil,1962,129.95,0.388,1.55,30.1,68.34,7.28,South America,Upper middle income
Brazil,1963,130.6,0.583,1.71,27.6,55.16,9.11,South America,Upper middle income
Brazil,1964,131.25,0.614,2.41,29.8,60.59,21.47,South America,Upper middle income
Brazil,1965,131.91,0.28,1.69,29.6,60.91,11.23,South America,Upper middle income
Brazil,1966,132.57,0.546,1.41,31.6,64.3,11.11,South America,Upper middle income
Brazil,1967,133.23,0.265,1.49,32.4,67.94,9.19,South America,Upper middle income
Brazil,1968,133.89,0.359,1.82,32.3,62.63,18.39,South America,Upper middle income
Brazil,1969,134.56,0.301,2.01,29.5,62.94,12.4,South America,Upper middle income
Brazil,1970,135.23,0.352,2.17,33.7,64.83,7.93,South America,Upper middle income
Brazil,1971,135.91,0.393,1.36,31.8,65.64,8.52,South America,Upper middle income
Brazil,1972,136.59,0.963,1.88,32.2,62.67,20.51,South America,Upper middle income
Brazil,1973,137.27,0.6,1.91,29.8,61.23,14.18,South America,Upper middle income
Brazil,1974,137.95,0.132,1.87,29.9,57.74,10.77,South America,Upper middle income
Brazil,1975,138.64,0.667,1.71,32.8,64.5,8.63,South America,Upper middle income
Brazil,1976,139.33,0.516,1.65,34.2,63.93,8.56,South America,Upper middle income
Brazil,1977,140.03,0.613,1.84,31.5,64.39,13.68,South America,Upper middle income
Brazil,1978,140.72,0.606,1.37,32.8,65.37,10.55,South America,Upper middle income
Brazil,1979,141.42,0.454,1.68,37.8,64.8,9.46,South America,Upper middle income
Brazil,1980,142.13,0.501,1.21,30.9,65.08,14.54,South America,Upper middle income
Brazil,1981,142.84,0.601,1.6,29.5,64.36,12.33,South America,Upper middle income
Brazil,1982,143.55,0.311,1.52,30.9,68.4,11.0,South America,Upper middle income
Brazil,1983,144.26,0.306,1.67,32.1,66.71,8.04,South America,Upper middle income
Brazil,1984,144.98,0.529,1.42,32.4,66.29,10.36,South America,Upper middle income
Brazil,1985,145.7,0.502,1.28,30.7,70.24,11.11,South America,Upper middle income
Brazil,1986,146.43,-0.012,1.76,31.2,67.13,14.97,South America,Upper middle income
Brazil,1987,147.15,0.74,1.37,35.8,70.39,28.61,South America,Upper middle income
Brazil,1988,147.89,0.383,1.0,33.1,69.58,12.37,South America,Upper middle income
Brazil,1989,148.62,0.3,1.41,30.4,74.88,9.3,South America,Upper middle income
Brazil,1990,149.36,0.493,1.12,33.6,66.35,10.24,South America,Upper middle income
Brazil,1991,150.1,0.038,1.25,32.9,62.47,9.87,South America,Upper middle income
Brazil,1992,150.85,0.365,1.67,33.6,75.08,18.15,South America,Upper middle income
Brazil,1993,151.6,0.481,1.62,37.8,73.54,9.11,South America,Upper middle income
Brazil,1994,152.35,0.759,1.79,35.2,67.94,21.91,South America,Upper middle income
Brazil,1995,153.11,0.516,1.82,34.8,70.77,25.09,South America,Upper middle income
Brazil,1996,153.87,0.425,1.34,32.7,67.89,16.12,South America,Upper middle income
Brazil,1997,154.63,0.634,1.61,34.6,69.79,24.63,South America,Upper middle income
Brazil,1998,155.4,0.735,1.46,37.7,69.13,11.84,South America,Upper middle income
Brazil,1999,156.17,0.248,1.07,36.4,68.92,10.36,South America,Upper middle income
Brazil,2000,156.94,0.589,1.85,34.7,74.78,8.85,South America,Upper middle income
Brazil,2001,157.72,0.789,1.72,37.6,74.08,11.65,South America,Upper middle income
Brazil,2002,158.5,0.425,1.0,34.2,66.7,14.8,South America,Upper middle income
Brazil,2003,159.29,0.614,1.18,35.5,71.91,21.05,South America,Upper middle income
Brazil,2004,160.08,0.559,1.36,38.3,71.45,9.88,South America,Upper middle income
Brazil,2005,160.87,0.665,1.0,39.2,73.08,11.12,South America,Upper middle income
Brazil,2006,161.67,0.63,1.43,37.3,69.91,9.08,South America,Upper middle income
Brazil,2007,162.47,0.479,1.03,38.7,75.83,20.89,South America,Upper middle income
Brazil,2008,163.27,0.745,1.05,37.8,79.51,12.88,South America,Upper middle income
Brazil,2009,164.08,0.118,1.04,41.0,76.57,10.03,South America,Upper middle income
Bangladesh,1960,290.89,1.376,3.14,24.5,44.94,356.76,Asia,Lower middle income
Bangladesh,1961,295.25,1.458,2.71,24.0,47.07,172.69,Asia,Lower middle income
Bangladesh,1962,299.68,1.644,3.37,24.3,42.27,126.29,Asia,Lower middle income
Bangladesh,1963,304.17,1.473,2.91,23.9,47.84,105.67,Asia,Lower middle income
Bangladesh,1964,308.73,1.209,2.55,24.7,43.74,116.84,Asia,Lower middle income
Bangladesh,1965,313.36,1.845,2.73,26.2,49.3,253.64,Asia,Lower middle income
Bangladesh,1966,318.05,1.835,2.59,28.2,45.08,860.36,Asia,Lower middle income
Bangladesh,1967,322.82,1.389,3.56,24.9,47.65,181.16,Asia,Lower middle income
Bangladesh,1968,327.65,1.871,3.33,29.5,50.27,134.59,Asia,Lower middle income
Bangladesh,1969,332.56,1.654,2.56,24.7,47.69,1232.62,Asia,Lower middle income
Bangladesh,1970,337.54,1.722,2.51,28.4,50.05,210.95,Asia,Lower middle income
Bangladesh,1971,342.59,1.27,2.61,25.2,42.7,959.79,Asia,Lower middle income
Bangladesh,1972,347.72,1.594,2.23,27.2,50.33,263.1,Asia,Lower middle income
Bangladesh,1973,352.92,1.742,2.78,26.5,46.02,139.2,Asia,Lower middle income
Bangladesh,1974,358.2,1.738,2.0,24.6,50.25,311.35,Asia,Lower middle income
Bangladesh,1975,363.56,1.526,2.02,27.9,49.06,426.73,Asia,Lower middle income
Bangladesh,1976,368.99,1.704,2.46,26.7,51.01,151.99,Asia,Lower middle income
Bangladesh,1977,374.51,1.263,1.63,27.5,55.42,273.99,Asia,Lower middle income
Bangladesh,1978,380.11,1.677,2.69,28.4,47.11,771.75,Asia,Lower middle income
Bangladesh,1979,385.79,1.65,2.8,27.6,50.09,449.14,Asia,Lower middle income
Bangladesh,1980,391.55,1.568,2.33,26.3,48.23,170.07,Asia,Lower middle income
Bangladesh,1981,397.4,1.795,2.29,28.1,49.06,2012.37,Asia,Lower middle income
Bangladesh,1982,403.34,1.517,2.0,24.8,48.52,148.86,Asia,Lower middle income
Bangladesh,1983,409.36,1.51,2.46,25.3,50.31,184.45,Asia,Lower middle income
Bangladesh,1984,415.47,1.274,2.45,25.9,59.44,142.34,Asia,Lower middle income
Bangladesh,1985,421.67,1.173,2.6,27.3,50.07,164.28,Asia,Lower middle income
Bangladesh,1986,427.96,1.7,3.02,28.3,53.26,198.8,Asia,Lower middle income
Bangladesh,1987,434.35,1.33,2.22,26.9,44.34,747.92,Asia,Lower middle income
Bangladesh,1988,440.83,1.406,2.76,32.7,50.3,262.13,Asia,Lower middle income
Bangladesh,1989,447.4,1.5,1.91,29.0,57.82,1784.81,Asia,Lower middle income
Bangladesh,1990,454.08,1.37,2.28,28.1,52.47,429.34,Asia,Lower middle income
Bangladesh,1991,460.85,1.52,2.56,30.3,53.54,173.85,Asia,Lower middle income
Bangladesh,1992,467.71,1.423,2.19,30.4,54.5,199.98,Asia,Lower middle income
Bangladesh,1993,474.68,1.672,1.99,29.6,64.48,1169.54,Asia,Lower middle income
Bangladesh,1994,481.76,1.703,2.13,32.7,53.5,166.3,Asia,Lower middle income
Bangladesh,1995,488.93,1.517,1.52,32.1,53.5,275.45,Asia,Lower middle income
Bangladesh,1996,496.22,1.732,2.08,31.9,55.22,301.51,Asia,Lower middle income
Bangladesh,1997,503.6,1.591,1.64,29.3,59.19,194.76,Asia,Lower middle income
Bangladesh,1998,511.1,1.441,2.01,29.6,54.85,189.82,Asia,Lower middle income
Bangladesh,1999,518.71,1.303,1.96,35.0,53.5,1516.49,Asia,Lower middle income
Bangladesh,2000,526.43,1.532,1.87,32.0,57.02,401.39,Asia,Lower middle income
Bangladesh,2001,534.26,1.281,1.9,30.8,60.26,936.52,Asia,Lower middle income
Bangladesh,2002,542.21,1.5,1.66,34.9,58.27,202.18,Asia,Lower middle income
Bangladesh,2003,550.27,1.532,1.6,32.1,57.01,222.31,Asia,Lower middle income
Bangladesh,2004,558.46,1.855,1.79,31.0,52.33,224.93,Asia,Lower middle income
Bangladesh,2005,566.76,1.069,1.47,34.3,58.43,528.64,Asia,Lower middle income
Bangladesh,2006,575.18,1.602,1.37,30.8,57.57,518.63,Asia,Lower middle income
Bangladesh,2007,583.73,1.816,1.49,34.5,63.66,520.31,Asia,Lower middle income
Bangladesh,2008,592.4,1.472,1.93,32.3,59.81,1270.79,Asia,Lower middle income
Bangladesh,2009,601.2,1.257,1.89,31.4,60.3,990.19,Asia,Lower middle income
Nigeria,1960,356.72,1.617,2.86,26.7,40.96,168.82,Africa,Lower middle income
Nigeria,1961,362.07,1.113,3.01,27.2,41.35,128.34,Africa,Lower middle income
Nigeria,1962,367.5,1.57,3.09,26.6,48.93,429.91,Africa,Lower middle income
Nigeria,1963,373.01,1.554,3.11,23.5,46.35,267.11,Africa,Lower middle income
Nigeria,1964,378.6,1.721,2.84,21.3,48.74,129.1,Africa,Lower middle income
Nigeria,1965,384.28,1.462,2.57,25.3,47.77,148.42,Africa,Lower middle income
Nigeria,1966,390.03,1.602,2.74,27.4,48.65,2562.32,Africa,Lower middle income
Nigeria,1967,395.88,1.677,2.63,27.4,45.94,928.23,Africa,Lower middle income
Nigeria,1968,401.81,1.572,3.31,25.8,46.35,2955.07,Africa,Lower middle income
Nigeria,1969,407.82,1.122,2.64,23.1,50.04,420.54,Africa,Lower middle income
Nigeria,1970,413.93,1.689,3.21,26.3,47.49,172.16,Africa,Lower middle income
Nigeria,1971,420.12,1.515,2.53,25.2,48.41,167.31,Africa,Lower middle income
Nigeria,1972,426.41,1.313,2.71,28.8,50.1,160.97,Africa,Lower middle income
Nigeria,1973,432.79,1.629,3.42,23.3,46.84,318.15,Africa,Lower middle income
Nigeria,1974,439.27,1.6,2.99,26.8,52.06,236.09,Africa,Lower middle income
Nigeria,1975,445.84,1.742,3.07,25.2,51.85,281.13,Africa,Lower middle income
Nigeria,1976,452.5,1.448,2.27,31.7,49.27,158.41,Africa,Lower middle income
Nigeria,1977,459.27,1.793,2.67,32.1,50.42,1502.33,Africa,Lower middle income
Nigeria,1978,466.13,1.349,2.06,26.5,50.29,921.08,Africa,Lower middle income
Nigeria,1979,473.1,1.453,1.81,28.8,46.98,517.62,Africa,Lower middle income
Nigeria,1980,480.17,1.513,1.96,27.4,48.74,197.8,Africa,Lower middle income
Nigeria,1981,487.34,1.593,3.19,28.9,50.76,389.45,Africa,Lower middle income
Nigeria,1982,494.62,1.539,2.11,27.7,49.21,314.74,Africa,Lower middle income
Nigeria,1983,502.01,1.493,2.63,27.7,49.94,403.45,Africa,Lower middle income
Nigeria,1984,509.5,1.136,1.8,29.1,53.73,273.49,Africa,Lower middle income
Nigeria,1985,517.11,1.68,2.09,29.0,50.66,247.29,Africa,Lower middle income
Nigeria,1986,524.82,1.442,1.95,24.6,50.64,1163.76,Africa,Lower middle income
Nigeria,1987,532.65,1.8,2.04,30.1,52.6,261.25,Africa,Lower middle income
Nigeria,1988,540.6,1.278,2.58,29.0,53.46,277.99,Africa,Lower middle income
Nigeria,1989,548.66,1.537,2.36,30.1,55.61,1220.28,Africa,Lower middle income
Nigeria,1990,556.84,1.267,2.13,29.4,53.38,582.7,Africa,Lower middle income
Nigeria,1991,565.14,2.031,1.92,25.7,56.5,255.19,Africa,Lower middle income
Nigeria,1992,573.57,1.689,2.17,28.5,59.93,279.57,Africa,Lower middle income
Nigeria,1993,582.12,1.306,1.68,29.4,59.2,241.01,Africa,Lower middle income
Nigeria,1994,590.79,1.553,2.06,29.8,57.63,576.54,Africa,Lower middle income
Nigeria,1995,599.59,1.128,2.3,33.4,57.84,286.01,Africa,Lower middle income
Nigeria,1996,608.52,1.276,1.8,28.2,55.16,226.95,Africa,Lower middle income
Nigeria,1997,617.58,1.302,1.76,30.6,55.62,317.19,Africa,Lower middle income
Nigeria,1998,626.78,1.382,1.8,27.3,53.98,303.72,Africa,Lower middle income
Nigeria,1999,636.1,1.168,2.21,34.6,55.31,1253.15,Africa,Lower middle income
Nigeria,2000,645.57,1.399,1.8,32.1,57.02,531.68,Africa,Lower middle income
Nigeria,2001,655.18,1.274,1.66,27.5,56.24,241.74,Africa,Lower middle income
Nigeria,2002,664.92,1.633,1.64,33.6,58.71,225.12,Africa,Lower middle income
Nigeria,2003,674.81,1.186,1.26,32.5,51.78,1233.61,Africa,Lower middle income
Nigeria,2004,684.84,1.84,2.35,32.9,59.7,497.24,Africa,Lower middle income
Nigeria,2005,695.03,1.281,1.39,29.2,55.9,239.45,Africa,Lower middle income
Nigeria,2006,705.36,1.097,1.84,29.8,59.52,508.28,Africa,Lower middle income
Nigeria,2007,715.84,1.452,2.29,32.6,61.8,408.77,Africa,Lower middle income
Nigeria,2008,726.47,1.247,1.71,31.3,59.08,491.17,Africa,Lower middle income
Nigeria,2009,737.27,1.188,1.6,32.9,65.01,281.09,Africa,Lower middle income
Russia,1960,139.2,0.428,2.08,28.7,62.62,8.49,Europe,Upper middle income
Russia,1961,139.89,0.575,1.97,32.4,60.15,11.06,Europe,Upper middle income
Russia,1962,140.59,0.21,1.71,31.6,58.42,14.02,Europe,Upper middle income
Russia,1963,141.29,0.073,2.88,32.6,61.57,7.96,Europe,Upper middle income
Russia,1964,142.0,0.739,1.82,31.4,65.68,8.15,Europe,Upper middle income
Russia,1965,142.71,0.46,1.85,30.4,64.9,8.91,Europe,Upper middle income
Russia,1966,143.42,0.473,2.18,35.6,62.38,8.42,Europe,Upper middle income
Russia,1967,144.14,0.496,1.74,33.3,64.94,10.29,Europe,Upper middle income
Russia,1968,144.86,0.418,1.62,33.5,60.81,16.8,Europe,Upper middle income
Russia,1969,145.58,0.69,1.97,32.8,64.25,9.95,Europe,Upper middle income
Russia,1970,146.31,0.584,1.62,32.9,66.55,9.78,Europe,Upper middle income
Russia,1971,147.04,0.57,2.1,31.6,60.65,24.47,Europe,Upper middle income
Russia,1972,147.77,0.171,1.27,31.4,61.95,22.94,Europe,Upper middle income
Russia,1973,148.51,0.121,1.8,32.0,61.45,9.69,Europe,Upper middle income
Russia,1974,149.25,0.463,1.74,31.8,62.07,16.89,Europe,Upper middle income
Russia,1975,149.99,0.345,1.42,33.9,63.92,16.34,Europe,Upper middle income
Russia,1976,150.74,0.191,1.64,32.6,64.87,11.73,Europe,Upper middle income
Russia,1977,151.49,0.771,1.27,26.5,65.65,12.01,Europe,Upper middle income
Russia,1978,152.25,0.369,1.7,30.5,67.75,10.66,Europe,Upper middle income
Russia,1979,153.0,0.594,1.77,35.0,73.98,22.31,Europe,Upper middle income
Russia,1980,153.77,0.351,1.87,29.3,65.92,22.81,Europe,Upper middle income
Russia,1981,154.53,0.394,1.63,31.5,69.66,30.9,Europe,Upper middle income
Russia,1982,155.3,0.374,1.56,35.2,63.5,26.71,Europe,Upper middle income
Russia,1983,156.07,0.664,1.28,32.1,65.99,16.12,Europe,Upper middle income
Russia,1984,156.85,0.645,1.37,35.7,65.21,9.45,Europe,Upper middle income
Russia,1985,157.63,0.669,1.46,34.5,67.19,25.59,Europe,Upper middle income
Russia,1986,158.42,0.486,2.07,37.0,63.82,11.2,Europe,Upper middle income
Russia,1987,159.2,0.692,1.83,34.2,68.69,17.94,Europe,Upper middle income
Russia,1988,159.99,0.539,1.35,33.3,68.82,16.53,Europe,Upper middle income
Russia,1989,160.79,0.499,1.6,31.5,61.81,20.84,Europe,Upper middle income
Russia,1990,161.59,0.218,1.0,37.0,68.04,10.07,Europe,Upper middle income
Russia,1991,162.39,0.623,1.04,36.7,69.07,20.81,Europe,Upper middle income
Russia,1992,163.2,0.693,1.84,33.3,68.35,12.11,Europe,Upper middle income
Russia,1993,164.01,0.324,1.68,32.6,74.83,11.49,Europe,Upper middle income
Russia,1994,164.82,0.537,1.28,33.3,65.96,28.64,Europe,Upper middle income
Russia,1995,165.64,0.506,1.0,36.7,68.96,31.91,Europe,Upper middle income
Russia,1996,166.47,0.193,1.0,35.0,62.88,16.23,Europe,Upper middle income
Russia,1997,167.29,0.981,1.5,35.5,70.31,9.55,Europe,Upper middle income
Russia,1998,168.12,0.902,1.3,37.8,69.23,11.17,Europe,Upper middle income
Russia,1999,168.96,0.586,1.23,37.2,73.48,25.74,Europe,Upper middle income
Russia,2000,169.79,0.694,1.0,31.7,72.77,17.27,Europe,Upper middle income
Russia,2001,170.64,0.531,1.2,36.5,73.03,11.27,Europe,Upper middle income
Russia,2002,171.48,0.043,1.0,35.5,72.06,21.52,Europe,Upper middle income
Russia,2003,172.33,0.477,1.0,36.1,77.88,29.96,Europe,Upper middle income
Russia,2004,173.19,0.605,1.14,36.2,71.25,21.84,Europe,Upper middle income
Russia,2005,174.04,0.423,1.0,39.3,75.17,13.9,Europe,Upper middle income
Russia,2006,174.91,0.563,1.0,34.3,78.53,12.71,Europe,Upper middle income
Russia,2007,175.77,0.335,1.0,36.6,75.5,15.82,Europe,Upper middle income
Russia,2008,176.64,0.564,1.23,35.0,73.93,10.12,Europe,Upper middle income
Russia,2009,177.52,0.176,1.08,41.4,74.72,29.63,Europe,Upper middle income
Mexico,1960,28.2,0.464,2.41,25.6,64.6,124.04,North America,Upper middle income
Mexico,1961,28.34,0.46,1.61,31.0,61.41,35.34,North America,Upper middle income
Mexico,1962,28.48,0.18,2.1,34.3,56.51,91.3,North America,Upper middle income
Mexico,1963,28.62,0.532,1.95,31.5,59.16,10.47,North America,Upper middle income
Mexico,1964,28.76,0.585,1.93,29.3,62.66,19.4,North America,Upper middle income
Mexico,1965,28.91,0.307,2.15,33.5,65.03,50.55,North America,Upper middle income
Mexico,1966,29.05,0.797,1.99,30.3,61.8,230.18,North America,Upper middle income
Mexico,1967,29.2,0.623,1.8,32.3,58.29,39.24,North America,Upper middle income
Mexico,1968,29.34,0.676,1.7,30.3,63.2,21.84,North America,Upper middle income
Mexico,1969,29.49,0.496,1.67,29.8,63.72,31.45,North America,Upper middle income
Mexico,1970,29.64,0.648,1.75,30.2,66.96,23.94,North America,Upper middle income
Mexico,1971,29.78,0.549,1.83,31.9,65.06,26.23,North America,Upper middle income
Mexico,1972,29.93,0.362,2.0,27.9,66.28,14.93,North America,Upper middle income
Mexico,1973,30.08,0.357,1.56,28.9,64.0,141.3,North America,Upper middle income
Mexico,1974,30.23,0.418,1.93,32.3,65.95,22.13,North America,Upper middle income
Mexico,1975,30.38,0.609,2.49,30.6,67.37,27.03,North America,Upper middle income
Mexico,1976,30.53,0.461,1.96,32.1,69.33,19.79,North America,Upper middle income
Mexico,1977,30.69,0.581,1.26,31.4,62.02,11.9,North America,Upper middle income
Mexico,1978,30.84,-0.022,1.7,33.6,66.61,29.0,North America,Upper middle income
Mexico,1979,30.99,0.706,1.84,30.9,66.97,11.74,North America,Upper middle income
Mexico,1980,31.15,0.143,1.7,32.0,65.76,66.16,North America,Upper middle income
Mexico,1981,31.3,0.637,1.0,31.7,63.23,31.89,North America,Upper middle income
Mexico,1982,31.46,0.635,1.22,34.6,67.99,23.73,North America,Upper middle income
Mexico,1983,31.61,0.286,1.18,35.2,68.64,50.45,North America,Upper middle income
Mexico,1984,31.77,0.655,1.44,32.4,71.47,17.53,North America,Upper middle income
Mexico,1985,31.93,0.379,1.57,37.4,68.65,54.56,North America,Upper middle income
Mexico,1986,32.09,0.582,1.9,35.2,63.29,33.43,North America,Upper middle income
Mexico,1987,32.25,0.693,1.7,34.1,65.23,20.47,North America,Upper middle income
Mexico,1988,32.41,0.62,1.39,35.3,71.06,14.92,North America,Upper middle income
Mexico,1989,32.57,0.662,1.4,36.5,71.47,12.53,North America,Upper middle income
Mexico,1990,32.73,0.666,1.21,33.4,65.7,30.5,North America,Upper middle income
Mexico,1991,32.89,0.71,1.66,35.9,69.56,21.37,North America,Upper middle income
Mexico,1992,33.06,0.28,1.24,36.2,72.15,27.22,North America,Upper middle income
Mexico,1993,33.22,0.486,1.48,36.5,66.9,13.45,North America,Upper middle income
Mexico,1994,33.39,0.598,1.33,35.1,68.22,15.29,North America,Upper middle income
Mexico,1995,33.55,0.451,1.38,35.7,74.66,26.84,North America,Upper middle income
Mexico,1996,33.72,0.402,1.02,36.8,69.62,16.44,North America,Upper middle income
Mexico,1997,33.89,0.368,1.49,37.8,76.9,13.47,North America,Upper middle income
Mexico,1998,34.05,0.424,1.28,32.1,72.63,34.41,North America,Upper middle income
Mexico,1999,34.22,0.748,1.0,38.3,69.09,26.88,North America,Upper middle income
Mexico,2000,34.39,0.391,1.0,33.8,75.71,130.23,North America,Upper middle income
Mexico,2001,34.56,0.606,1.13,38.9,75.74,17.88,North America,Upper middle income
Mexico,2002,34.74,0.426,1.0,35.5,73.38,38.35,North America,Upper middle income
Mexico,2003,34.91,0.396,1.0,33.8,73.13,11.98,North America,Upper middle income
Mexico,2004,35.08,0.452,1.0,38.4,76.31,26.46,North America,Upper middle income
Mexico,2005,35.25,0.276,1.0,35.1,71.51,23.49,North America,Upper middle income
Mexico,2006,35.43,0.313,1.0,37.3,74.01,19.15,North America,Upper middle income
Mexico,2007,35.6,0.481,1.12,37.4,71.66,18.66,North America,Upper middle income
Mexico,2008,35.78,0.238,1.29,38.8,70.96,16.65,North America,Upper middle income
Mexico,2009,35.96,0.183,1.3,38.7,70.09,13.77,North America,Upper middle income
Japan,1960,144.67,-1.043,1.58,43.3,77.17,69.81,Asia,High income
Japan,1961,143.23,-1.046,1.47,37.1,76.84,101.89,Asia,High income
Japan,1962,141.79,-1.022,1.62,39.5,76.86,69.16,Asia,High income
Japan,1963,140.38,-1.004,1.4,40.9,74.79,51.01,Asia,High income
Japan,1964,138.97,-1.321,1.31,44.0,74.72,1100.73,Asia,High income
Japan,1965,137.59,-0.65,1.84,38.2,78.57,63.38,Asia,High income
Japan,1966,136.21,-0.928,1.58,39.5,74.19,166.53,Asia,High income
Japan,1967,134.85,-1.013,1.18,42.4,81.56,65.74,Asia,High income
Japan,1968,133.51,-0.918,1.52,38.4,78.02,70.69,Asia,High income
Japan,1969,132.17,-0.825,1.63,39.8,77.81,112.37,Asia,High income
Japan,1970,130.85,-0.968,1.58,38.1,78.85,111.98,Asia,High income
Japan,1971,129.55,-0.938,1.55,41.2,82.66,67.2,Asia,High income
Japan,1972,128.25,-0.833,1.01,38.6,72.49,64.68,Asia,High income
Japan,1973,126.98,-1.109,1.56,41.2,78.76,130.49,Asia,High income
Japan,1974,125.71,-1.137,1.29,43.7,79.15,309.9,Asia,High income
Japan,1975,124.46,-1.097,1.71,39.7,81.94,221.24,Asia,High income
Japan,1976,123.22,-0.89,1.0,42.7,80.29,59.04,Asia,High income
Japan,1977,121.99,-1.065,1.06,40.4,77.62,76.55,Asia,High income
Japan,1978,120.77,-1.427,1.39,44.8,79.0,50.55,Asia,High income
Japan,1979,119.57,-0.888,1.14,42.6,81.68,106.02,Asia,High income
Japan,1980,118.38,-0.856,1.2,45.1,74.58,75.93,Asia,High income
Japan,1981,117.2,-0.924,1.09,45.0,82.75,45.24,Asia,High income
Japan,1982,116.03,-1.076,1.65,41.1,82.68,56.5,Asia,High income
Japan,1983,114.88,-0.887,1.0,42.6,81.01,198.29,Asia,High income
Japan,1984,113.73,-0.975,1.66,43.0,83.47,100.88,Asia,High income
Japan,1985,112.6,-1.041,1.03,48.6,83.8,138.75,Asia,High income
Japan,1986,111.48,-1.027,1.0,42.4,80.7,38.66,Asia,High income
Japan,1987,110.37,-0.793,1.72,40.9,77.46,66.15,Asia,High income
Japan,1988,109.27,-0.78,1.4,44.2,79.51,84.4,Asia,High income
Japan,1989,108.19,-0.932,1.34,42.3,83.96,58.28,Asia,High income
Japan,1990,107.11,-1.064,1.0,45.4,81.58,153.43,Asia,High income
Japan,1991,106.05,-0.825,1.0,44.7,79.95,80.59,Asia,High income
Japan,1992,104.99,-1.006,1.0,48.9,87.48,50.07,Asia,High income
Japan,1993,103.95,-0.941,1.53,45.7,86.07,40.83,Asia,High income
Japan,1994,102.92,-1.414,1.0,44.6,89.49,162.85,Asia,High income
Japan,1995,101.9,-1.157,1.0,47.7,84.13,37.53,Asia,High income
Japan,1996,100.88,-1.052,1.24,46.4,85.93,344.27,Asia,High income
Japan,1997,99.88,-1.118,1.01,48.0,84.62,73.6,Asia,High income
Japan,1998,98.89,-1.212,1.0,43.2,81.99,330.44,Asia,High income
Japan,1999,97.91,-1.117,1.0,47.6,90.52,45.43,Asia,High income
Japan,2000,96.94,-1.038,1.53,46.5,91.54,331.14,Asia,High income
Japan,2001,95.98,-0.904,1.32,47.6,89.67,39.52,Asia,High income
Japan,2002,95.03,-1.225,1.0,48.4,92.18,42.19,Asia,High income
Japan,2003,94.08,-1.084,1.0,47.0,89.29,34.41,Asia,High income
Japan,2004,93.15,-0.887,1.27,48.2,89.13,52.37,Asia,High income
Japan,2005,92.23,-1.202,1.0,50.4,87.85,104.13,Asia,High income
Japan,2006,91.31,-1.121,1.0,45.4,86.74,68.55,Asia,High income
Japan,2007,90.41,-0.992,1.07,45.2,93.66,36.41,Asia,High income
Japan,2008,89.51,-0.774,1.0,49.1,86.1,103.39,Asia,High income
Japan,2009,88.63,-0.961,1.0,45.0,87.01,135.58,Asia,High income
Philippines,1960,69.77,1.593,2.59,26.7,41.3,28.32,Asia,Lower middle income
Philippines,1961,70.82,1.642,3.2,23.3,49.6,52.31,Asia,Lower middle income
Philippines,1962,71.88,1.57,2.47,25.5,44.81,69.33,Asia,Lower middle income
Philippines,1963,72.96,1.634,2.82,24.5,47.83,41.16,Asia,Lower middle income
Philippines,1964,74.05,1.651,3.06,23.6,45.47,448.69,Asia,Lower middle income
Philippines,1965,75.16,1.742,2.67,22.1,48.42,37.62,Asia,Lower middle income
Philippines,1966,76.28,1.624,3.22,26.7,50.07,44.0,Asia,Lower middle income
Philippines,1967,77.43,1.692,2.89,29.3,52.36,26.04,Asia,Lower middle income
Philippines,1968,78.59,1.429,3.23,24.6,52.0,102.9,Asia,Lower middle income
Philippines,1969,79.76,1.639,2.78,25.9,49.38,48.93,Asia,Lower middle income
Philippines,1970,80.96,1.624,2.97,25.3,48.37,57.06,Asia,Lower middle income
Philippines,1971,82.17,1.736,3.02,27.8,47.82,140.38,Asia,Lower middle income
Philippines,1972,83.4,1.891,2.64,28.8,52.62,92.84,Asia,Lower middle income
Philippines,1973,84.65,1.579,2.3,24.5,50.02,39.46,Asia,Lower middle income
Philippines,1974,85.91,1.895,2.42,26.4,50.23,552.43,Asia,Lower middle income
Philippines,1975,87.2,1.602,2.95,28.9,51.0,35.91,Asia,Lower middle income
Philippines,1976,88.5,1.506,2.69,22.3,48.91,162.18,Asia,Lower middle income
Philippines,1977,89.83,1.167,2.65,27.9,52.4,49.38,Asia,Lower middle income
Philippines,1978,91.17,1.404,2.41,27.6,49.05,264.07,Asia,Lower middle income
Philippines,1979,92.53,1.683,2.51,28.5,53.1,129.86,Asia,Lower middle income
Philippines,1980,93.91,1.623,2.16,29.8,49.11,31.39,Asia,Lower middle income
Philippines,1981,95.32,1.555,2.39,30.5,50.94,339.27,Asia,Lower middle income
Philippines,1982,96.74,1.393,2.28,27.9,49.36,316.14,Asia,Lower middle income
Philippines,1983,98.18,1.365,2.1,25.0,51.21,249.94,Asia,Lower middle income
Philippines,1984,99.65,1.445,2.21,28.5,53.64,109.84,Asia,Lower middle income
Philippines,1985,101.14,1.374,2.57,26.7,50.22,212.44,Asia,Lower middle income
Philippines,1986,102.65,1.342,1.83,28.0,53.34,144.48,Asia,Lower middle income
Philippines,1987,104.18,1.42,2.29,30.8,51.96,189.66,Asia,Lower middle income
Philippines,1988,105.73,1.49,1.91,30.3,48.04,43.49,Asia,Lower middle income
Philippines,1989,107.31,1.543,1.81,27.0,53.75,56.2,Asia,Lower middle income
Philippines,1990,108.91,1.476,1.57,29.3,51.5,110.15,Asia,Lower middle income
Philippines,1991,110.53,1.258,1.37,30.7,59.22,54.32,Asia,Lower middle income
Philippines,1992,112.18,1.592,2.15,30.6,48.82,44.23,Asia,Lower middle income
Philippines,1993,113.85,1.258,1.86,33.4,54.68,74.49,Asia,Lower middle income
Philippines,1994,115.55,1.744,1.96,32.0,54.1,90.29,Asia,Lower middle income
Philippines,1995,117.27,1.39,1.36,29.3,56.53,175.13,Asia,Lower middle income
Philippines,1996,119.02,1.875,2.41,34.8,55.32,155.27,Asia,Lower middle income
Philippines,1997,120.79,1.075,2.15,28.8,57.31,68.8,Asia,Lower middle income
Philippines,1998,122.59,1.377,1.61,29.5,54.78,49.14,Asia,Lower middle income
Philippines,1999,124.41,1.57,1.77,31.0,58.04,241.72,Asia,Lower middle income
Philippines,2000,126.26,1.738,1.65,29.6,56.31,73.64,Asia,Lower middle income
Philippines,2001,128.14,1.574,1.91,32.2,54.37,173.29,Asia,Lower middle income
Philippines,2002,130.05,1.575,1.65,29.6,54.94,1276.31,Asia,Lower middle income
Philippines,2003,131.98,1.553,1.82,34.2,59.97,243.99,Asia,Lower middle income
Philippines,2004,133.95,1.076,1.5,31.5,55.47,48.35,Asia,Lower middle income
Philippines,2005,135.94,1.362,1.43,31.6,61.17,93.6,Asia,Lower middle income
Philippines,2006,137.96,1.372,1.76,26.4,57.3,75.34,Asia,Lower middle income
Philippines,2007,140.01,1.727,1.48,30.9,55.77,88.57,Asia,Lower middle income
Philippines,2008,142.09,1.646,1.62,33.2,71.18,578.29,Asia,Lower middle income
Philippines,2009,144.2,1.504,1.38,34.7,59.04,254.78,Asia,Lower middle income
Ethiopia,1960,3.47,2.189,4.91,18.5,22.32,3.79,Africa,Low income
Ethiopia,1961,3.56,2.417,4.61,17.2,29.07,1.56,Africa,Low income
Ethiopia,1962,3.65,2.565,4.77,19.8,22.25,2.1,Africa,Low income
Ethiopia,1963,3.74,2.464,5.05,18.6,29.79,1.59,Africa,Low income
Ethiopia,1964,3.83,2.358,4.44,19.6,26.79,4.41,Africa,Low income
Ethiopia,1965,3.93,2.814,5.05,20.5,25.13,1.38,Africa,Low income
Ethiopia,1966,4.03,2.565,4.86,17.0,23.86,1.39,Africa,Low income
Ethiopia,1967,4.13,2.673,5.09,17.8,26.41,2.98,Africa,Low income
Ethiopia,1968,4.23,2.334,4.22,18.3,23.94,1.51,Africa,Low income
Ethiopia,1969,4.34,2.563,4.21,19.5,18.73,5.32,Africa,Low income
Ethiopia,1970,4.44,2.913,4.39,21.1,30.45,2.5,Africa,Low income
Ethiopia,1971,4.55,2.307,4.97,21.5,27.59,1.69,Africa,Low income
Ethiopia,1972,4.67,2.443,4.58,17.6,31.37,7.15,Africa,Low income
Ethiopia,1973,4.78,2.391,4.03,22.4,28.12,10.69,Africa,Low income
Ethiopia,1974,4.9,2.542,4.81,20.0,23.65,5.06,Africa,Low income
Ethiopia,1975,5.03,2.223,4.85,22.1,29.82,4.58,Africa,Low income
Ethiopia,1976,5.15,2.666,4.58,24.2,32.23,1.9,Africa,Low income
Ethiopia,1977,5.28,2.165,3.86,20.3,30.38,2.98,Africa,Low income
Ethiopia,1978,5.41,2.29,4.07,21.0,28.36,2.41,Africa,Low income
Ethiopia,1979,5.55,2.51,3.99,18.9,30.93,9.24,Africa,Low income
Ethiopia,1980,5.68,2.146,4.17,20.9,32.35,5.13,Africa,Low income
Ethiopia,1981,5.83,2.412,4.52,22.3,27.29,6.99,Africa,Low income
Ethiopia,1982,5.97,2.121,4.21,22.2,32.9,4.02,Africa,Low income
Ethiopia,1983,6.12,2.237,3.43,20.3,35.02,8.66,Africa,Low income
Ethiopia,1984,6.27,2.48,3.54,24.1,32.01,8.46,Africa,Low income
Ethiopia,1985,6.43,2.734,3.61,20.9,35.96,4.49,Africa,Low income
Ethiopia,1986,6.59,2.576,3.64,22.6,38.67,33.83,Africa,Low income
Ethiopia,1987,6.75,1.996,3.45,23.0,30.15,2.31,Africa,Low income
Ethiopia,1988,6.92,2.838,3.75,21.9,31.28,15.82,Africa,Low income
Ethiopia,1989,7.09,2.615,3.6,21.2,34.37,6.28,Africa,Low income
Ethiopia,1990,7.27,2.055,3.84,23.3,35.28,3.88,Africa,Low income
Ethiopia,1991,7.45,2.218,3.24,22.1,31.95,5.74,Africa,Low income
Ethiopia,1992,7.63,2.723,3.79,22.5,32.56,12.17,Africa,Low income
Ethiopia,1993,7.82,2.555,3.25,22.8,33.31,13.31,Africa,Low income
Ethiopia,1994,8.02,2.522,3.61,23.1,30.47,3.61,Africa,Low income
Ethiopia,1995,8.22,2.536,3.46,20.7,40.61,3.6,Africa,Low income
Ethiopia,1996,8.42,2.889,3.31,26.7,34.29,3.38,Africa,Low income
Ethiopia,1997,8.63,2.538,3.08,26.0,36.52,6.39,Africa,Low income
Ethiopia,1998,8.84,2.637,3.04,25.0,34.98,5.88,Africa,Low income
Ethiopia,1999,9.06,2.1,3.09,20.2,38.98,42.37,Africa,Low income
Ethiopia,2000,9.29,2.792,2.79,26.6,33.46,3.81,Africa,Low income
Ethiopia,2001,9.52,2.464,3.12,22.7,39.87,3.2,Africa,Low income
Ethiopia,2002,9.75,2.504,2.8,26.9,40.86,21.72,Africa,Low income
Ethiopia,2003,9.99,2.231,3.02,25.4,32.29,7.63,Africa,Low income
Ethiopia,2004,10.24,2.423,2.7,27.6,36.77,3.79,Africa,Low income
Ethiopia,2005,10.5,2.45,2.52,26.8,43.47,18.33,Africa,Low income
Ethiopia,2006,10.76,2.414,2.55,23.7,38.48,50.21,Africa,Low income
Ethiopia,2007,11.02,2.106,3.05,25.2,37.87,83.02,Africa,Low income
Ethiopia,2008,11.3,2.353,2.9,25.4,37.89,9.01,Africa,Low income
Ethiopia,2009,11.58,2.496,2.68,27.3,36.64,13.05,Africa,Low income
Vietnam,1960,90.52,1.669,2.36,24.8,43.19,36.01,Asia,Lower middle income
Vietnam,1961,91.88,1.382,3.17,26.4,43.65,32.84,Asia,Lower middle income
Vietnam,1962,93.26,1.478,2.67,27.0,44.49,272.5,Asia,Lower middle income
Vietnam,1963,94.65,1.635,2.68,25.4,43.93,68.48,Asia,Lower middle income
Vietnam,1964,96.07,1.292,2.39,23.1,46.53,54.62,Asia,Lower middle income
Vietnam,1965,97.51,1.621,3.06,25.4,45.99,111.1,Asia,Lower middle income
Vietnam,1966,98.97,1.268,2.29,25.1,47.27,493.51,Asia,Lower middle income
Vietnam,1967,100.46,1.813,2.53,27.1,43.69,117.7,Asia,Lower middle income
Vietnam,1968,101.96,1.298,2.53,23.3,45.9,49.74,Asia,Lower middle income
Vietnam,1969,103.49,1.602,3.02,25.6,51.25,187.03,Asia,Lower middle income
Vietnam,1970,105.04,1.342,3.1,24.1,50.68,313.01,Asia,Lower middle income
Vietnam,1971,106.61,1.619,3.0,28.8,48.97,113.49,Asia,Lower middle income
Vietnam,1972,108.2,1.955,2.45,23.7,42.96,102.29,Asia,Lower middle income
Vietnam,1973,109.82,1.727,2.67,28.8,50.53,64.11,Asia,Lower middle income
Vietnam,1974,111.47,1.307,2.38,25.6,51.69,42.71,Asia,Lower middle income
Vietnam,1975,113.13,1.407,2.82,29.1,54.57,61.18,Asia,Lower middle income
Vietnam,1976,114.83,1.645,3.05,24.1,48.23,49.3,Asia,Lower middle income
Vietnam,1977,116.54,1.643,2.18,28.8,46.15,51.42,Asia,Lower middle income
Vietnam,1978,118.28,1.554,2.16,26.0,54.15,79.51,Asia,Lower middle income
Vietnam,1979,120.05,1.455,2.59,27.2,50.63,356.62,Asia,Lower middle income
Vietnam,1980,121.85,1.283,2.97,25.4,51.57,127.16,Asia,Lower middle income
Vietnam,1981,123.67,1.541,2.39,31.4,57.15,79.74,Asia,Lower middle income
Vietnam,1982,125.51,1.163,2.66,28.0,53.92,243.47,Asia,Lower middle income
Vietnam,1983,127.39,1.297,2.62,32.3,52.63,46.99,Asia,Lower middle income
Vietnam,1984,129.29,1.624,2.6,29.3,52.64,134.97,Asia,Lower middle income
Vietnam,1985,131.22,1.627,1.91,31.2,57.7,892.0,Asia,Lower middle income
Vietnam,1986,133.18,1.315,2.57,30.2,58.62,121.74,Asia,Lower middle income
Vietnam,1987,135.16,1.344,2.28,32.1,51.13,57.24,Asia,Lower middle income
Vietnam,1988,137.18,1.313,2.57,31.5,53.8,47.68,Asia,Lower middle income
Vietnam,1989,139.23,1.617,2.96,29.5,51.17,115.83,Asia,Lower middle income
Vietnam,1990,141.3,1.183,2.55,28.8,53.36,139.45,Asia,Lower middle income
Vietnam,1991,143.41,1.489,2.15,31.8,54.57,48.01,Asia,Lower middle income
Vietnam,1992,145.55,1.751,2.14,27.4,51.37,114.8,Asia,Lower middle income
Vietnam,1993,147.72,1.736,2.35,28.4,53.7,76.38,Asia,Lower middle income
Vietnam,1994,149.92,1.538,1.67,32.3,58.38,65.61,Asia,Lower middle income
Vietnam,1995,152.15,1.495,2.28,31.7,59.82,237.27,Asia,Lower middle income
Vietnam,1996,154.42,1.912,1.62,29.7,57.05,332.72,Asia,Lower middle income
Vietnam,1997,156.71,2.005,1.7,28.8,56.36,590.53,Asia,Lower middle income
Vietnam,1998,159.05,1.534,1.59,27.6,57.17,81.58,Asia,Lower middle income
Vietnam,1999,161.42,1.888,1.82,29.2,53.46,85.88,Asia,Lower middle income
Vietnam,2000,163.82,1.812,1.97,33.8,52.97,112.83,Asia,Lower middle income
Vietnam,2001,166.25,1.614,1.49,27.1,59.73,60.61,Asia,Lower middle income
Vietnam,2002,168.73,1.288,2.11,29.4,62.49,73.58,Asia,Lower middle income
Vietnam,2003,171.24,1.042,1.36,31.9,54.96,58.82,Asia,Lower middle income
Vietnam,2004,173.78,1.375,1.63,31.8,51.81,305.11,Asia,Lower middle income
Vietnam,2005,176.37,1.08,1.44,29.9,57.78,66.27,Asia,Lower middle income
Vietnam,2006,178.99,1.134,1.21,30.5,64.66,90.4,Asia,Lower middle income
Vietnam,2007,181.65,1.527,1.74,36.9,57.47,101.65,Asia,Lower middle income
Vietnam,2008,184.35,1.156,1.25,31.6,56.51,322.44,Asia,Lower middle income
Vietnam,2009,187.09,1.325,1.73,32.5,57.66,102.45,Asia,Lower middle income
Egypt,1960,87.32,1.131,3.28,25.4,49.17,264.67,Africa,Lower middle income
Egypt,1961,88.63,1.672,3.01,22.0,42.89,171.74,Africa,Lower middle income
Egypt,1962,89.96,1.455,2.6,23.8,46.12,31.85,Africa,Lower middle income
Egypt,1963,91.31,1.601,3.36,30.0,44.69,36.48,Africa,Lower middle income
Egypt,1964,92.68,1.358,3.15,26.7,43.76,427.41,Africa,Lower middle income
Egypt,1965,94.06,1.586,2.09,27.1,46.88,45.9,Africa,Lower middle income
Egypt,1966,95.47,1.775,2.79,24.7,49.33,197.54,Africa,Lower middle income
Egypt,1967,96.9,1.897,2.54,24.9,46.66,52.71,Africa,Lower middle income
Egypt,1968,98.36,1.452,3.0,25.6,43.05,409.38,Africa,Lower middle income
Egypt,1969,99.83,1.584,2.86,22.8,50.89,41.26,Africa,Lower middle income
Egypt,1970,101.32,1.752,2.76,29.0,49.72,55.19,Africa,Lower middle income
Egypt,1971,102.84,1.603,2.64,31.2,50.97,139.08,Africa,Lower middle income
Egypt,1972,104.38,1.719,3.22,29.6,50.26,64.52,Africa,Lower middle income
Egypt,1973,105.94,1.637,2.27,26.7,46.49,184.64,Africa,Lower middle income
Egypt,1974,107.53,1.394,2.42,26.0,48.79,85.77,Africa,Lower middle income
Egypt,1975,109.13,0.912,3.17,29.4,48.37,209.29,Africa,Lower middle income
Egypt,1976,110.77,1.352,2.52,27.7,47.6,63.6,Africa,Lower middle income
Egypt,1977,112.42,1.529,2.8,27.9,46.09,57.0,Africa,Lower middle income
Egypt,1978,114.1,1.4,2.71,24.4,50.76,100.21,Africa,Lower middle income
Egypt,1979,115.81,1.693,1.8,30.2,54.86,89.68,Africa,Lower middle income
Egypt,1980,117.54,0.969,2.3,28.2,52.52,53.11,Africa,Lower middle income
Egypt,1981,119.29,1.312,1.89,27.5,50.66,192.66,Africa,Lower middle income
Egypt,1982,121.07,1.621,2.65,25.5,59.54,43.63,Africa,Lower middle income
Egypt,1983,122.88,1.46,2.2,30.8,50.02,41.26,Africa,Lower middle income
Egypt,1984,124.72,1.597,2.18,27.6,53.99,99.13,Africa,Lower middle income
Egypt,1985,126.58,1.561,2.23,29.8,50.9,118.39,Africa,Lower middle income
Egypt,1986,128.47,1.385,2.7,31.3,53.65,52.82,Africa,Lower middle income
Egypt,1987,130.38,1.337,2.32,31.6,46.45,102.83,Africa,Lower middle income
Egypt,1988,132.33,1.527,2.16,30.0,50.91,106.0,Africa,Lower middle income
Egypt,1989,134.3,1.379,1.78,29.0,59.9,102.26,Africa,Lower middle income
Egypt,1990,136.31,1.724,1.58,27.1,54.79,92.85,Africa,Lower middle income
Egypt,1991,138.34,1.915,2.55,31.0,51.86,799.28,Africa,Lower middle income
Egypt,1992,140.4,1.736,1.85,26.6,55.9,66.37,Africa,Lower middle income
Egypt,1993,142.49,1.77,2.1,31.3,59.3,94.01,Africa,Lower middle income
Egypt,1994,144.62,1.415,1.8,33.7,50.78,90.97,Africa,Lower middle income
Egypt,1995,146.77,1.127,1.94,31.5,55.87,242.28,Africa,Lower middle income
Egypt,1996,148.96,1.316,1.9,32.1,62.16,116.25,Africa,Lower middle income
Egypt,1997,151.17,1.686,1.91,31.0,59.32,56.35,Africa,Lower middle income
Egypt,1998,153.42,1.745,1.98,33.8,55.08,55.83,Africa,Lower middle income
Egypt,1999,155.71,1.24,1.92,29.2,54.79,190.85,Africa,Lower middle income
Egypt,2000,158.02,1.599,1.25,27.9,62.59,83.85,Africa,Lower middle income
Egypt,2001,160.38,1.508,1.38,29.8,54.55,127.19,Africa,Lower middle income
Egypt,2002,162.76,1.761,2.09,31.1,60.6,93.69,Africa,Lower middle income
Egypt,2003,165.18,1.745,2.05,29.5,60.92,62.3,Africa,Lower middle income
Egypt,2004,167.64,1.438,1.82,30.7,57.1,64.69,Africa,Lower middle income
Egypt,2005,170.13,1.903,1.65,33.3,56.13,73.84,Africa,Lower middle income
Egypt,2006,172.66,1.332,1.11,33.0,59.36,176.22,Africa,Lower middle income
Egypt,2007,175.23,1.632,1.81,30.1,58.25,85.56,Africa,Lower middle income
Egypt,2008,177.83,1.599,2.05,32.2,55.02,176.88,Africa,Lower middle income
Egypt,2009,180.47,1.872,1.25,30.7,61.99,141.5,Africa,Lower middle income
Germany,1960,76.92,-0.881,1.31,39.5,77.23,33.75,Europe,High income
Germany,1961,76.15,-1.302,1.14,40.1,73.11,182.98,Europe,High income
Germany,1962,75.39,-1.162,1.14,40.8,76.24,77.15,Europe,High income
Germany,1963,74.63,-1.113,1.58,41.1,76.33,35.89,Europe,High income
Germany,1964,73.89,-0.998,1.0,40.9,82.84,164.98,Europe,High income
Germany,1965,73.15,-0.802,1.24,40.5,77.52,36.2,Europe,High income
Germany,1966,72.42,-0.853,1.59,40.6,77.82,27.96,Europe,High income
Germany,1967,71.69,-0.919,1.18,42.7,80.55,86.2,Europe,High income
Germany,1968,70.98,-1.012,1.4,41.3,76.95,47.99,Europe,High income
Germany,1969,70.27,-1.069,1.68,42.0,76.7,41.53,Europe,High income
Germany,1970,69.57,-0.878,1.09,46.5,78.79,48.43,Europe,High income
Germany,1971,68.87,-0.923,1.45,40.5,79.24,27.19,Europe,High income
Germany,1972,68.19,-0.755,1.64,43.5,77.65,30.94,Europe,High income
Germany,1973,67.51,-1.043,1.03,42.1,79.46,34.96,Europe,High income
Germany,1974,66.83,-1.182,1.04,41.8,80.12,28.45,Europe,High income
Germany,1975,66.17,-1.203,1.18,42.3,78.71,22.58,Europe,High income
Germany,1976,65.51,-1.286,1.0,43.0,73.4,47.54,Europe,High income
Germany,1977,64.85,-0.995,1.56,40.3,80.17,21.99,Europe,High income
Germany,1978,64.21,-1.034,1.2,44.7,85.51,49.24,Europe,High income
Germany,1979,63.57,-0.718,1.1,43.9,79.25,32.08,Europe,High income
Germany,1980,62.94,-1.238,1.0,44.7,78.52,39.65,Europe,High income
Germany,1981,62.31,-0.819,1.0,43.1,81.36,22.49,Europe,High income
Germany,1982,61.69,-1.089,1.12,42.6,77.56,83.71,Europe,High income
Germany,1983,61.07,-0.902,1.36,43.7,81.03,21.86,Europe,High income
Germany,1984,60.47,-1.197,1.09,39.2,82.74,50.94,Europe,High income
Germany,1985,59.86,-0.706,1.37,43.5,81.14,24.67,Europe,High income
Germany,1986,59.27,-1.136,1.0,44.1,88.93,22.81,Europe,High income
Germany,1987,58.68,-1.04,1.55,44.0,83.99,19.81,Europe,High income
Germany,1988,58.1,-1.16,1.33,44.7,83.45,22.46,Europe,High income
Germany,1989,57.52,-0.939,1.0,41.5,82.15,23.24,Europe,High income
Germany,1990,56.95,-0.797,1.0,42.9,81.72,191.26,Europe,High income
Germany,1991,56.38,-0.95,1.0,43.3,79.31,47.26,Europe,High income
Germany,1992,55.82,-1.412,1.0,44.5,83.62,57.88,Europe,High income
Germany,1993,55.27,-1.181,1.0,44.2,85.77,28.47,Europe,High income
Germany,1994,54.72,-0.96,1.38,46.3,83.96,92.81,Europe,High income
Germany,1995,54.17,-0.683,1.0,44.0,82.83,57.75,Europe,High income
Germany,1996,53.64,-1.274,1.0,43.0,86.28,25.48,Europe,High income
Germany,1997,53.1,-1.099,1.0,48.4,86.15,23.66,Europe,High income
Germany,1998,52.58,-1.195,1.06,44.0,86.69,44.02,Europe,High income
Germany,1999,52.05,-1.097,1.0,45.6,87.94,231.36,Europe,High income
Germany,2000,51.54,-1.076,1.0,45.2,87.81,17.5,Europe,High income
Germany,2001,51.03,-0.733,1.0,48.5,82.87,77.68,Europe,High income
Germany,2002,50.52,-0.759,1.01,45.9,86.02,50.03,Europe,High income
Germany,2003,50.02,-1.276,1.25,47.0,84.65,20.32,Europe,High income
Germany,2004,49.52,-1.189,1.0,45.4,86.07,51.07,Europe,High income
Germany,2005,49.03,-0.759,1.33,44.8,92.71,19.7,Europe,High income
Germany,2006,48.55,-1.025,1.0,45.9,90.28,115.97,Europe,High income
Germany,2007,48.07,-1.061,1.04,44.8,92.54,183.71,Europe,High income
Germany,2008,47.59,-1.274,1.0,45.8,88.81,90.34,Europe,High income
Germany,2009,47.12,-1.102,1.0,45.2,89.56,47.49,Europe,High income
Iran,1960,92.68,0.633,1.76,32.0,60.37,54.31,Asia,Upper middle income
Iran,1961,93.14,0.222,2.03,28.0,55.87,40.44,Asia,Upper middle income
Iran,1962,93.61,0.576,1.92,31.5,65.13,35.26,Asia,Upper middle income
Iran,1963,94.08,0.193,1.88,31.1,61.43,70.79,Asia,Upper middle income
Iran,1964,94.55,0.559,1.89,29.4,52.5,84.43,Asia,Upper middle income
Iran,1965,95.02,0.528,2.15,32.1,63.25,87.06,Asia,Upper middle income
Iran,1966,95.49,0.73,1.81,33.3,60.13,33.76,Asia,Upper middle income
Iran,1967,95.97,0.778,2.07,31.9,63.24,77.04,Asia,Upper middle income
Iran,1968,96.45,0.475,1.67,30.1,68.22,42.45,Asia,Upper middle income
Iran,1969,96.93,0.765,1.4,32.5,60.49,57.61,Asia,Upper middle income
Iran,1970,97.41,0.369,1.52,31.3,67.99,134.09,Asia,Upper middle income
Iran,1971,97.9,0.482,1.94,33.5,63.12,60.33,Asia,Upper middle income
Iran,1972,98.39,0.297,2.01,29.7,63.16,141.09,Asia,Upper middle income
Iran,1973,98.88,0.691,1.88,29.6,64.42,44.71,Asia,Upper middle income
Iran,1974,99.37,0.803,1.92,28.4,66.79,50.17,Asia,Upper middle income
Iran,1975,99.87,0.429,1.47,33.0,68.19,80.44,Asia,Upper middle income
Iran,1976,100.37,0.732,1.65,34.1,63.69,282.25,Asia,Upper middle income
Iran,1977,100.87,0.607,1.79,32.0,61.26,173.92,Asia,Upper middle income
Iran,1978,101.37,0.562,2.19,30.4,66.96,141.96,Asia,Upper middle income
Iran,1979,101.87,0.48,1.55,35.1,66.26,50.08,Asia,Upper middle income
Iran,1980,102.38,0.617,1.57,33.7,66.51,62.81,Asia,Upper middle income
Iran,1981,102.89,0.377,1.69,33.8,60.63,59.24,Asia,Upper middle income
Iran,1982,103.4,0.269,1.66,36.2,62.11,35.5,Asia,Upper middle income
Iran,1983,103.92,0.57,1.6,34.5,71.24,158.2,Asia,Upper middle income
Iran,1984,104.44,0.722,1.97,33.1,74.7,63.95,Asia,Upper middle income
Iran,1985,104.95,0.547,1.0,34.9,65.86,164.31,Asia,Upper middle income
Iran,1986,105.48,0.473,1.23,32.4,73.6,116.86,Asia,Upper middle income
Iran,1987,106.0,0.104,1.69,29.9,68.19,47.37,Asia,Upper middle income
Iran,1988,106.53,0.493,1.28,35.4,67.7,790.22,Asia,Upper middle income
Iran,1989,107.06,0.827,1.53,32.6,68.61,36.66,Asia,Upper middle income
Iran,1990,107.59,0.977,1.51,34.3,64.21,80.02,Asia,Upper middle income
Iran,1991,108.12,0.401,1.57,34.7,65.08,46.42,Asia,Upper middle income
Iran,1992,108.66,0.522,1.16,37.2,68.96,126.21,Asia,Upper middle income
Iran,1993,109.2,0.395,1.31,39.3,65.63,62.2,Asia,Upper middle income
Iran,1994,109.74,0.251,1.0,34.5,67.75,282.46,Asia,Upper middle income
Iran,1995,110.29,0.818,1.54,37.0,66.25,77.59,Asia,Upper middle income
Iran,1996,110.84,0.822,1.25,33.5,67.34,39.85,Asia,Upper middle income
Iran,1997,111.39,0.494,1.05,36.0,73.4,66.12,Asia,Upper middle income
Iran,1998,111.94,0.344,1.0,36.1,74.83,70.28,Asia,Upper middle income
Iran,1999,112.5,0.477,1.34,34.4,72.24,54.06,Asia,Upper middle income
Iran,2000,113.05,0.523,1.41,36.4,68.97,48.68,Asia,Upper middle income
Iran,2001,113.61,0.69,1.11,37.6,73.14,59.54,Asia,Upper middle income
Iran,2002,114.18,0.419,1.0,37.8,75.98,117.37,Asia,Upper middle income
Iran,2003,114.74,0.612,1.0,33.4,72.47,60.77,Asia,Upper middle income
Iran,2004,115.31,0.479,1.05,34.3,72.89,39.02,Asia,Upper middle income
Iran,2005,115.88,0.42,1.01,38.0,71.41,86.87,Asia,Upper middle income
Iran,2006,116.46,0.425,1.09,36.8,72.28,47.18,Asia,Upper middle income
Iran,2007,117.03,0.67,1.08,39.3,72.94,239.96,Asia,Upper middle income
Iran,2008,117.61,0.531,1.17,38.3,73.88,130.81,Asia,Upper middle income
Iran,2009,118.2,0.745,1.0,38.5,72.93,52.72,Asia,Upper middle income
Turkey,1960,7.32,0.2,1.77,32.7,62.66,2.49,Asia,Upper middle income
Turkey,1961,7.35,0.742,1.83,32.3,59.74,11.78,Asia,Upper middle income
Turkey,1962,7.39,0.729,1.73,33.4,56.01,5.32,Asia,Upper middle income
Turkey,1963,7.43,0.332,2.16,30.2,59.94,5.03,Asia,Upper middle income
Turkey,1964,7.46,0.409,1.61,29.4,60.79,4.17,Asia,Upper middle income
Turkey,1965,7.5,0.837,2.2,34.1,59.46,5.81,Asia,Upper middle income
Turkey,1966,7.54,0.451,1.88,33.0,65.62,35.66,Asia,Upper middle income
Turkey,1967,7.58,0.53,1.85,31.2,53.96,2.77,Asia,Upper middle income
Turkey,1968,7.61,0.623,2.33,32.0,63.33,5.34,Asia,Upper middle income
Turkey,1969,7.65,0.028,1.67,29.8,62.6,4.52,Asia,Upper middle income
Turkey,1970,7.69,0.698,1.73,32.6,61.57,4.48,Asia,Upper middle income
Turkey,1971,7.73,0.127,1.81,33.9,63.01,7.85,Asia,Upper middle income
Turkey,1972,7.77,0.44,1.69,33.8,61.46,5.29,Asia,Upper middle income
Turkey,1973,7.81,0.38,1.59,32.9,63.38,7.13,Asia,Upper middle income
Turkey,1974,7.84,0.497,1.81,35.7,63.17,2.66,Asia,Upper middle income
Turkey,1975,7.88,0.305,1.99,32.1,61.18,4.24,Asia,Upper middle income
Turkey,1976,7.92,0.416,1.66,33.2,65.59,5.85,Asia,Upper middle income
Turkey,1977,7.96,0.158,2.45,34.3,64.33,2.96,Asia,Upper middle income
Turkey,1978,8.0,0.719,1.17,26.7,67.11,8.81,Asia,Upper middle income
Turkey,1979,8.04,0.17,1.8,31.5,60.99,2.68,Asia,Upper middle income
Turkey,1980,8.08,0.521,1.41,34.0,57.44,9.5,Asia,Upper middle income
Turkey,1981,8.12,0.383,1.5,32.8,67.59,4.63,Asia,Upper middle income
Turkey,1982,8.16,0.508,1.73,37.0,65.15,3.67,Asia,Upper middle income
Turkey,1983,8.2,0.897,2.22,31.1,65.89,2.8,Asia,Upper middle income
Turkey,1984,8.24,0.498,1.87,30.9,68.76,4.92,Asia,Upper middle income
Turkey,1985,8.28,0.529,2.08,36.3,65.67,13.94,Asia,Upper middle income
Turkey,1986,8.33,0.186,1.13,36.8,66.76,5.54,Asia,Upper middle income
Turkey,1987,8.37,0.57,1.87,36.2,66.46,10.58,Asia,Upper middle income
Turkey,1988,8.41,0.504,1.0,34.5,74.99,6.04,Asia,Upper middle income
Turkey,1989,8.45,0.513,1.56,36.5,69.3,4.72,Asia,Upper middle income
Turkey,1990,8.49,0.331,1.83,34.3,66.34,6.83,Asia,Upper middle income
Turkey,1991,8.53,0.422,1.54,33.1,65.56,3.16,Asia,Upper middle income
Turkey,1992,8.58,0.486,1.51,35.4,63.61,4.1,Asia,Upper middle income
Turkey,1993,8.62,0.686,1.07,31.8,66.24,8.49,Asia,Upper middle income
Turkey,1994,8.66,0.094,1.29,33.9,67.3,2.96,Asia,Upper middle income
Turkey,1995,8.71,0.234,1.0,35.8,70.64,10.87,Asia,Upper middle income
Turkey,1996,8.75,0.73,1.57,33.8,71.41,4.24,Asia,Upper middle income
Turkey,1997,8.79,0.527,1.06,33.9,73.15,3.46,Asia,Upper middle income
Turkey,1998,8.84,0.201,1.18,38.1,66.82,5.26,Asia,Upper middle income
Turkey,1999,8.88,0.422,1.02,34.4,69.66,6.87,Asia,Upper middle income
Turkey,2000,8.92,0.303,1.41,33.4,67.21,3.04,Asia,Upper middle income
Turkey,2001,8.97,0.271,1.0,39.2,72.4,3.46,Asia,Upper middle income
Turkey,2002,9.01,0.416,1.46,34.0,75.98,32.58,Asia,Upper middle income
Turkey,2003,9.06,0.154,1.0,38.5,75.18,9.22,Asia,Upper middle income
Turkey,2004,9.1,0.379,1.39,40.0,71.99,4.31,Asia,Upper middle income
Turkey,2005,9.15,0.715,1.58,37.6,78.17,10.2,Asia,Upper middle income
Turkey,2006,9.19,0.085,1.0,38.8,74.38,5.25,Asia,Upper middle income
Turkey,2007,9.24,0.563,1.74,33.1,73.85,14.73,Asia,Upper middle income
Turkey,2008,9.28,0.09,1.05,36.7,69.38,19.08,Asia,Upper middle income
Turkey,2009,9.33,0.377,1.12,38.6,76.45,4.01,Asia,Upper middle income
Thailand,1960,12.28,0.707,2.13,33.7,62.95,8.59,Asia,Upper middle income
Thailand,1961,12.34,0.395,1.99,28.8,60.97,9.07,Asia,Upper middle income
Thailand,1962,12.41,0.579,1.42,31.1,58.28,5.16,Asia,Upper middle income
Thailand,1963,12.47,0.026,2.55,31.0,58.57,4.76,Asia,Upper middle income
Thailand,1964,12.53,0.585,2.25,29.8,59.35,10.3,Asia,Upper middle income
Thailand,1965,12.59,0.529,2.08,31.8,63.96,29.54,Asia,Upper middle income
Thailand,1966,12.66,0.319,2.16,28.1,65.47,4.23,Asia,Upper middle income
Thailand,1967,12.72,0.32,1.57,33.2,64.93,5.04,Asia,Upper middle income
Thailand,1968,12.78,0.766,2.24,31.9,59.78,4.33,Asia,Upper middle income
Thailand,1969,12.85,0.475,2.07,31.1,61.55,5.15,Asia,Upper middle income
Thailand,1970,12.91,0.425,2.35,31.3,61.1,8.84,Asia,Upper middle income
Thailand,1971,12.97,0.54,1.96,32.2,57.45,44.5,Asia,Upper middle income
Thailand,1972,13.04,0.486,1.83,27.4,62.59,6.27,Asia,Upper middle income
Thailand,1973,13.1,0.75,2.02,30.1,60.5,28.29,Asia,Upper middle income
Thailand,1974,13.17,0.435,1.75,34.1,64.99,4.91,Asia,Upper middle income
Thailand,1975,13.24,0.143,1.03,32.7,62.82,5.33,Asia,Upper middle income
Thailand,1976,13.3,0.406,1.23,33.0,60.06,20.21,Asia,Upper middle income
Thailand,1977,13.37,0.61,1.86,28.7,62.82,7.93,Asia,Upper middle income
Thailand,1978,13.43,0.539,1.54,30.2,66.41,20.8,Asia,Upper middle income
Thailand,1979,13.5,0.729,1.71,35.4,66.57,12.89,Asia,Upper middle income
Thailand,1980,13.57,0.718,1.09,34.5,70.2,7.6,Asia,Upper middle income
Thailand,1981,13.64,0.668,1.93,32.0,62.83,29.28,Asia,Upper middle income
Thailand,1982,13.7,0.576,1.32,31.0,68.0,33.72,Asia,Upper middle income
Thailand,1983,13.77,0.563,1.93,36.0,68.53,6.44,Asia,Upper middle income
Thailand,1984,13.84,0.626,1.65,35.4,63.09,13.69,Asia,Upper middle income
Thailand,1985,13.91,0.26,1.59,32.1,69.16,17.77,Asia,Upper middle income
Thailand,1986,13.98,0.671,1.48,33.0,66.68,6.07,Asia,Upper middle income
Thailand,1987,14.05,0.675,1.46,34.8,65.23,18.12,Asia,Upper middle income
Thailand,1988,14.12,0.593,1.18,37.1,70.02,14.15,Asia,Upper middle income
Thailand,1989,14.19,0.065,1.06,32.4,64.64,8.17,Asia,Upper middle income
Thailand,1990,14.26,0.561,1.34,35.5,68.12,35.64,Asia,Upper middle income
Thailand,1991,14.33,0.637,1.46,36.0,69.09,6.95,Asia,Upper middle income
Thailand,1992,14.4,0.313,1.18,33.7,68.77,27.84,Asia,Upper middle income
Thailand,1993,14.47,0.463,1.07,34.1,70.93,30.28,Asia,Upper middle income
Thailand,1994,14.54,0.27,1.48,37.8,66.42,8.77,Asia,Upper middle income
Thailand,1995,14.62,0.734,1.64,32.5,72.79,68.58,Asia,Upper middle income
Thailand,1996,14.69,0.693,1.25,37.8,71.56,4.94,Asia,Upper middle income
Thailand,1997,14.76,0.598,1.0,37.0,69.19,35.97,Asia,Upper middle income
Thailand,1998,14.84,0.524,1.27,38.7,67.3,11.01,Asia,Upper middle income
Thailand,1999,14.91,0.134,1.04,36.6,73.45,17.89,Asia,Upper middle income
Thailand,2000,14.98,0.473,1.13,36.5,74.16,6.84,Asia,Upper middle income
Thailand,2001,15.06,0.673,1.0,36.0,71.4,7.85,Asia,Upper middle income
Thailand,2002,15.13,0.554,1.07,37.7,68.95,11.87,Asia,Upper middle income
Thailand,2003,15.21,0.319,1.21,38.0,71.19,5.07,Asia,Upper middle income
Thailand,2004,15.28,0.361,1.0,37.0,73.43,5.55,Asia,Upper middle income
Thailand,2005,15.36,0.788,1.1,35.6,72.6,17.3,Asia,Upper middle income
Thailand,2006,15.43,0.408,1.43,36.4,71.81,5.24,Asia,Upper middle income
Thailand,2007,15.51,0.262,1.61,35.9,76.59,51.16,Asia,Upper middle income
Thailand,2008,15.59,0.643,1.08,39.7,74.37,11.19,Asia,Upper middle income
Thailand,2009,15.66,0.702,1.3,36.4,71.46,8.04,Asia,Upper middle income
United Kingdom,1960,57.07,-0.891,1.0,40.0,75.47,23.14,Europe,High income
United Kingdom,1961,56.5,-0.725,1.39,42.0,75.99,43.74,Europe,High income
United Kingdom,1962,55.93,-0.673,1.86,38.1,74.84,150.64,Europe,High income
United Kingdom,1963,55.38,-1.146,1.25,38.7,79.35,35.33,Europe,High income
United Kingdom,1964,54.82,-0.711,1.29,40.7,75.27,38.59,Europe,High income
United Kingdom,1965,54.27,-1.047,1.43,44.1,74.74,39.22,Europe,High income
United Kingdom,1966,53.73,-1.177,1.64,41.6,80.58,75.55,Europe,High income
United Kingdom,1967,53.2,-0.871,1.0,40.4,80.7,62.65,Europe,High income
United Kingdom,1968,52.66,-0.922,1.63,39.8,68.66,76.07,Europe,High income
United Kingdom,1969,52.14,-1.292,1.76,41.3,78.23,34.55,Europe,High income
United Kingdom,1970,51.62,-0.836,1.39,41.0,82.17,23.63,Europe,High income
United Kingdom,1971,51.1,-1.046,2.13,41.3,74.18,62.87,Europe,High income
United Kingdom,1972,50.59,-1.049,1.51,41.9,80.47,26.19,Europe,High income
United Kingdom,1973,50.09,-1.214,1.34,40.4,78.16,26.27,Europe,High income
United Kingdom,1974,49.59,-0.702,1.21,41.0,77.79,38.79,Europe,High income
United Kingdom,1975,49.09,-0.959,1.4,43.4,71.63,142.63,Europe,High income
United Kingdom,1976,48.6,-0.868,1.0,43.4,76.63,59.87,Europe,High income
United Kingdom,1977,48.12,-0.812,1.46,44.6,84.79,17.9,Europe,High income
United Kingdom,1978,47.64,-1.044,1.06,45.6,78.3,22.84,Europe,High income
United Kingdom,1979,47.17,-1.133,1.0,41.5,75.88,60.51,Europe,High income
United Kingdom,1980,46.7,-1.015,1.27,44.9,82.58,88.92,Europe,High income
United Kingdom,1981,46.23,-0.911,1.03,42.2,81.67,24.26,Europe,High income
United Kingdom,1982,45.77,-1.196,1.0,44.6,83.33,36.3,Europe,High income
United Kingdom,1983,45.32,-1.022,1.33,43.3,86.57,16.77,Europe,High income
United Kingdom,1984,44.86,-1.119,1.32,44.4,83.27,47.8,Europe,High income
United Kingdom,1985,44.42,-0.972,1.0,47.5,85.43,297.69,Europe,High income
United Kingdom,1986,43.98,-0.853,1.14,45.9,84.35,317.48,Europe,High income
United Kingdom,1987,43.54,-1.404,1.73,42.5,83.09,20.88,Europe,High income
United Kingdom,1988,43.11,-0.679,1.09,41.8,83.25,21.77,Europe,High income
United Kingdom,1989,42.68,-0.97,1.03,42.2,84.77,14.76,Europe,High income
United Kingdom,1990,42.25,-1.155,1.06,41.8,86.1,17.38,Europe,High income
United Kingdom,1991,41.83,-1.617,1.07,43.5,85.45,24.81,Europe,High income
United Kingdom,1992,41.42,-1.17,1.05,47.0,83.83,16.04,Europe,High income
United Kingdom,1993,41.01,-0.88,1.0,45.7,82.92,104.24,Europe,High income
United Kingdom,1994,40.6,-1.296,1.37,43.8,87.37,20.78,Europe,High income
United Kingdom,1995,40.2,-0.84,1.0,45.8,88.57,85.77,Europe,High income
United Kingdom,1996,39.8,-1.233,1.0,47.5,88.19,97.82,Europe,High income
United Kingdom,1997,39.4,-0.724,1.0,45.6,88.31,13.8,Europe,High income
United Kingdom,1998,39.01,-1.46,1.16,45.7,90.01,26.56,Europe,High income
United Kingdom,1999,38.62,-0.754,1.0,45.2,90.2,36.21,Europe,High income
United Kingdom,2000,38.24,-0.445,1.0,47.5,85.05,25.31,Europe,High income
United Kingdom,2001,37.86,-1.143,1.0,44.4,85.74,26.37,Europe,High income
United Kingdom,2002,37.48,-0.899,1.0,42.2,89.82,26.83,Europe,High income
United Kingdom,2003,37.11,-1.016,1.0,44.7,85.47,26.0,Europe,High income
United Kingdom,2004,36.75,-1.143,1.04,49.5,86.94,33.95,Europe,High income
United Kingdom,2005,36.38,-1.273,1.0,46.0,89.74,13.8,Europe,High income
United Kingdom,2006,36.02,-0.731,1.0,48.2,87.96,77.09,Europe,High income
United Kingdom,2007,35.66,-1.001,1.0,48.4,88.5,21.23,Europe,High income
United Kingdom,2008,35.31,-0.81,1.0,48.9,85.84,140.75,Europe,High income
United Kingdom,2009,34.96,-0.985,1.21,45.7,88.31,37.77,Europe,High income
